[
{
    "pk": 1, 
    "model": "books.book", 
    "fields": {
        "owner": 2, 
        "author": "ZeroCalcare", 
        "title": "Un polpo alla gola", 
        "modified": "2014-07-07T15:33:41.667", 
        "created": "2014-07-07T15:33:41.667"
    }
},
{
    "pk": 2, 
    "model": "books.book", 
    "fields": {
        "owner": 2, 
        "author": "Lonely Planet", 
        "title": "Guida Budapest", 
        "modified": "2014-12-05T15:48:04.522", 
        "created": "2014-12-05T15:48:04.522"
    }
},
{
    "pk": 3, 
    "model": "books.book", 
    "fields": {
        "owner": 2, 
        "author": "Lonely Planet", 
        "title": "Guida Instanbul", 
        "modified": "2014-12-05T15:48:25.118", 
        "created": "2014-12-05T15:48:25.118"
    }
},
{
    "pk": 6, 
    "model": "books.book", 
    "fields": {
        "owner": 2, 
        "author": "Dicker Jo\u00ebl ", 
        "title": "La verit\u00e0 sul caso Harry Quebert", 
        "modified": "2014-12-05T16:06:47.198", 
        "created": "2014-12-05T16:06:23.865"
    }
},
{
    "pk": 7, 
    "model": "books.book", 
    "fields": {
        "owner": 2, 
        "author": "Young Neil", 
        "title": "Il sogno di un hippie", 
        "modified": "2014-12-05T16:12:05.588", 
        "created": "2014-12-05T16:12:05.588"
    }
},
{
    "pk": 8, 
    "model": "books.book", 
    "fields": {
        "owner": 2, 
        "author": "Time out", 
        "title": "Guida di Edimburgo", 
        "modified": "2014-12-05T16:12:55.802", 
        "created": "2014-12-05T16:12:55.802"
    }
},
{
    "pk": 9, 
    "model": "books.book", 
    "fields": {
        "owner": 2, 
        "author": "Xiaolong Qiu", 
        "title": "Le lacrime del lago Tai", 
        "modified": "2014-12-05T16:16:41.447", 
        "created": "2014-12-05T16:16:41.447"
    }
},
{
    "pk": 10, 
    "model": "books.book", 
    "fields": {
        "owner": 2, 
        "author": "De Lillo Don", 
        "title": "Underworld", 
        "modified": "2014-12-05T16:18:58.840", 
        "created": "2014-12-05T16:18:58.840"
    }
},
{
    "pk": 11, 
    "model": "books.book", 
    "fields": {
        "owner": 2, 
        "author": "Ricciardi Salvatore", 
        "title": "Maelstrom", 
        "modified": "2014-12-05T16:19:33.380", 
        "created": "2014-12-05T16:19:33.380"
    }
},
{
    "pk": 12, 
    "model": "books.book", 
    "fields": {
        "owner": 2, 
        "author": "Xiaolong Qiu", 
        "title": "Visto per Shangai", 
        "modified": "2014-12-05T16:21:39.064", 
        "created": "2014-12-05T16:21:39.064"
    }
},
{
    "pk": 13, 
    "model": "books.book", 
    "fields": {
        "owner": 9, 
        "author": "Tart Donna", 
        "title": "Dio di illusioni", 
        "modified": "2014-12-14T19:27:33.397", 
        "created": "2014-12-14T19:27:06.107"
    }
},
{
    "pk": 14, 
    "model": "books.book", 
    "fields": {
        "owner": 9, 
        "author": "Tart Donna", 
        "title": "Il cardellino", 
        "modified": "2014-12-14T19:27:57.444", 
        "created": "2014-12-14T19:27:57.444"
    }
},
{
    "pk": 15, 
    "model": "books.book", 
    "fields": {
        "owner": 9, 
        "author": "Ferrante Elena", 
        "title": "L'amica geniale", 
        "modified": "2014-12-14T19:28:37.338", 
        "created": "2014-12-14T19:28:37.338"
    }
},
{
    "pk": 16, 
    "model": "books.book", 
    "fields": {
        "owner": 9, 
        "author": "Dazieri Sandrone", 
        "title": "Uccidi il padre", 
        "modified": "2014-12-14T19:29:19.353", 
        "created": "2014-12-14T19:29:19.353"
    }
},
{
    "pk": 17, 
    "model": "books.book", 
    "fields": {
        "owner": 9, 
        "author": "Carr\u00e8re Emmanuel", 
        "title": "Limonov", 
        "modified": "2014-12-14T19:30:42.968", 
        "created": "2014-12-14T19:30:42.968"
    }
},
{
    "pk": 18, 
    "model": "books.book", 
    "fields": {
        "owner": 9, 
        "author": "Carr\u00e8re Emmanuel", 
        "title": "L'adversaire", 
        "modified": "2014-12-14T19:31:45.209", 
        "created": "2014-12-14T19:31:29.862"
    }
},
{
    "pk": 19, 
    "model": "books.book", 
    "fields": {
        "owner": 9, 
        "author": "Carr\u00e8re Emmanuel", 
        "title": "La settimana bianca", 
        "modified": "2014-12-14T19:32:19.567", 
        "created": "2014-12-14T19:32:19.567"
    }
},
{
    "pk": 20, 
    "model": "books.book", 
    "fields": {
        "owner": 9, 
        "author": "Lonely Planet", 
        "title": "India del sud", 
        "modified": "2014-12-14T19:33:07.177", 
        "created": "2014-12-14T19:33:07.177"
    }
},
{
    "pk": 21, 
    "model": "books.book", 
    "fields": {
        "owner": 9, 
        "author": "Lonely Palnet", 
        "title": "Finlandia", 
        "modified": "2014-12-14T19:33:36.862", 
        "created": "2014-12-14T19:33:36.862"
    }
},
{
    "pk": 22, 
    "model": "books.book", 
    "fields": {
        "owner": 9, 
        "author": "Routard", 
        "title": "Vietnam", 
        "modified": "2014-12-14T19:34:01.838", 
        "created": "2014-12-14T19:34:01.838"
    }
},
{
    "pk": 23, 
    "model": "books.book", 
    "fields": {
        "owner": 9, 
        "author": "Routard", 
        "title": "New York", 
        "modified": "2014-12-14T19:34:17.596", 
        "created": "2014-12-14T19:34:17.596"
    }
},
{
    "pk": 24, 
    "model": "books.book", 
    "fields": {
        "owner": 9, 
        "author": "Routard", 
        "title": "Provence", 
        "modified": "2014-12-14T19:34:35.019", 
        "created": "2014-12-14T19:34:35.019"
    }
},
{
    "pk": 25, 
    "model": "books.book", 
    "fields": {
        "owner": 6, 
        "author": "riccardi roberto", 
        "title": "venga pure la fine", 
        "modified": "2014-12-27T14:19:24.262", 
        "created": "2014-12-27T14:19:24.262"
    }
},
{
    "pk": 26, 
    "model": "books.book", 
    "fields": {
        "owner": 6, 
        "author": "de giovanni maurizio", 
        "title": "in fondo al tuo cuore", 
        "modified": "2014-12-27T14:19:43.527", 
        "created": "2014-12-27T14:19:43.527"
    }
},
{
    "pk": 27, 
    "model": "books.book", 
    "fields": {
        "owner": 6, 
        "author": "fusco giancarlo", 
        "title": "duri a marsiglia", 
        "modified": "2014-12-27T14:20:01.492", 
        "created": "2014-12-27T14:20:01.492"
    }
},
{
    "pk": 28, 
    "model": "books.book", 
    "fields": {
        "owner": 6, 
        "author": "blutch", 
        "title": "per farla finita con il cinema", 
        "modified": "2014-12-27T14:20:20.889", 
        "created": "2014-12-27T14:20:20.889"
    }
},
{
    "pk": 29, 
    "model": "books.book", 
    "fields": {
        "owner": 6, 
        "author": "sedaris david", 
        "title": "mi raccomando: tutti vestiti bene", 
        "modified": "2014-12-27T14:22:50.054", 
        "created": "2014-12-27T14:22:50.054"
    }
},
{
    "pk": 30, 
    "model": "books.book", 
    "fields": {
        "owner": 10, 
        "author": "Smit Patti ", 
        "title": "Just Kids", 
        "modified": "2014-12-30T18:16:59.558", 
        "created": "2014-12-30T17:58:56.300"
    }
},
{
    "pk": 31, 
    "model": "books.book", 
    "fields": {
        "owner": 10, 
        "author": "Pastonesi Marco ", 
        "title": "Pantani era un Dio", 
        "modified": "2014-12-30T18:16:45.297", 
        "created": "2014-12-30T18:00:10.961"
    }
},
{
    "pk": 32, 
    "model": "books.book", 
    "fields": {
        "owner": 10, 
        "author": "Winslow Don ", 
        "title": "I re del mondo", 
        "modified": "2014-12-30T18:15:40.641", 
        "created": "2014-12-30T18:00:37.212"
    }
},
{
    "pk": 33, 
    "model": "books.book", 
    "fields": {
        "owner": 10, 
        "author": "Wu Ming 1 - Roberto santachiara", 
        "title": "Point Lenana", 
        "modified": "2014-12-30T18:01:30.296", 
        "created": "2014-12-30T18:01:30.296"
    }
},
{
    "pk": 34, 
    "model": "books.book", 
    "fields": {
        "owner": 10, 
        "author": "Irving John ", 
        "title": "Hotel New Hampshire", 
        "modified": "2014-12-30T18:16:28.706", 
        "created": "2014-12-30T18:02:28.984"
    }
},
{
    "pk": 35, 
    "model": "books.book", 
    "fields": {
        "owner": 10, 
        "author": "Dostoevskij Fedor", 
        "title": "Delitto e castigo", 
        "modified": "2014-12-30T18:16:13.088", 
        "created": "2014-12-30T18:04:11.887"
    }
},
{
    "pk": 36, 
    "model": "books.book", 
    "fields": {
        "owner": 10, 
        "author": "Nevo Eskhol", 
        "title": "Neuland", 
        "modified": "2014-12-30T18:15:57.161", 
        "created": "2014-12-30T18:05:56.970"
    }
},
{
    "pk": 37, 
    "model": "books.book", 
    "fields": {
        "owner": 10, 
        "author": "Lewis Roy ", 
        "title": "Il piu grande uomo scimmia del pleistocene", 
        "modified": "2014-12-30T18:17:15.887", 
        "created": "2014-12-30T18:06:31.791"
    }
},
{
    "pk": 38, 
    "model": "books.book", 
    "fields": {
        "owner": 10, 
        "author": "Gavalda Anna ", 
        "title": "Insieme e basta", 
        "modified": "2014-12-30T18:15:23.515", 
        "created": "2014-12-30T18:08:02.517"
    }
},
{
    "pk": 39, 
    "model": "books.book", 
    "fields": {
        "owner": 10, 
        "author": "Coe Jonathan", 
        "title": "I terribili segreti di Maxwell Sim", 
        "modified": "2014-12-30T18:12:14.813", 
        "created": "2014-12-30T18:12:14.813"
    }
},
{
    "pk": 40, 
    "model": "books.book", 
    "fields": {
        "owner": 10, 
        "author": "Cowell Alan S.", 
        "title": "londongrad", 
        "modified": "2014-12-30T18:13:37.917", 
        "created": "2014-12-30T18:13:37.917"
    }
},
{
    "pk": 41, 
    "model": "books.book", 
    "fields": {
        "owner": 10, 
        "author": "King Ross", 
        "title": "La cupola di Brunelleschi", 
        "modified": "2014-12-30T18:15:03.540", 
        "created": "2014-12-30T18:15:03.540"
    }
},
{
    "pk": 42, 
    "model": "books.book", 
    "fields": {
        "owner": 6, 
        "author": "Ellroy James", 
        "title": "perfidia", 
        "modified": "2015-03-16T13:04:37.516", 
        "created": "2015-03-16T13:04:37.516"
    }
},
{
    "pk": 43, 
    "model": "books.book", 
    "fields": {
        "owner": 6, 
        "author": "Strout Elisabeth", 
        "title": "Olive Kitteridge", 
        "modified": "2015-03-16T13:05:17.276", 
        "created": "2015-03-16T13:05:17.276"
    }
},
{
    "pk": 1, 
    "model": "books.bookwhereis", 
    "fields": {
        "user": 2, 
        "book": 1, 
        "modified": "2015-06-17T18:41:38.250", 
        "created": "2014-07-07T15:33:41.693"
    }
},
{
    "pk": 2, 
    "model": "books.bookwhereis", 
    "fields": {
        "user": 2, 
        "book": 2, 
        "modified": "2014-12-05T15:48:04.542", 
        "created": "2014-12-05T15:48:04.542"
    }
},
{
    "pk": 3, 
    "model": "books.bookwhereis", 
    "fields": {
        "user": 2, 
        "book": 3, 
        "modified": "2014-12-05T15:48:25.149", 
        "created": "2014-12-05T15:48:25.149"
    }
},
{
    "pk": 6, 
    "model": "books.bookwhereis", 
    "fields": {
        "user": 2, 
        "book": 6, 
        "modified": "2014-12-05T16:06:23.884", 
        "created": "2014-12-05T16:06:23.884"
    }
},
{
    "pk": 7, 
    "model": "books.bookwhereis", 
    "fields": {
        "user": 2, 
        "book": 7, 
        "modified": "2015-05-09T16:19:23.531", 
        "created": "2014-12-05T16:12:05.618"
    }
},
{
    "pk": 8, 
    "model": "books.bookwhereis", 
    "fields": {
        "user": 2, 
        "book": 8, 
        "modified": "2014-12-05T16:12:55.836", 
        "created": "2014-12-05T16:12:55.836"
    }
},
{
    "pk": 9, 
    "model": "books.bookwhereis", 
    "fields": {
        "user": 2, 
        "book": 9, 
        "modified": "2014-12-05T16:16:41.477", 
        "created": "2014-12-05T16:16:41.477"
    }
},
{
    "pk": 10, 
    "model": "books.bookwhereis", 
    "fields": {
        "user": 2, 
        "book": 10, 
        "modified": "2014-12-05T16:18:58.871", 
        "created": "2014-12-05T16:18:58.871"
    }
},
{
    "pk": 11, 
    "model": "books.bookwhereis", 
    "fields": {
        "user": 6, 
        "book": 11, 
        "modified": "2015-03-16T13:03:31.846", 
        "created": "2014-12-05T16:19:33.420"
    }
},
{
    "pk": 12, 
    "model": "books.bookwhereis", 
    "fields": {
        "user": 2, 
        "book": 12, 
        "modified": "2014-12-05T16:21:39.098", 
        "created": "2014-12-05T16:21:39.098"
    }
},
{
    "pk": 13, 
    "model": "books.bookwhereis", 
    "fields": {
        "user": 9, 
        "book": 13, 
        "modified": "2014-12-14T19:27:06.158", 
        "created": "2014-12-14T19:27:06.158"
    }
},
{
    "pk": 14, 
    "model": "books.bookwhereis", 
    "fields": {
        "user": 9, 
        "book": 14, 
        "modified": "2014-12-14T19:27:57.465", 
        "created": "2014-12-14T19:27:57.465"
    }
},
{
    "pk": 15, 
    "model": "books.bookwhereis", 
    "fields": {
        "user": 9, 
        "book": 15, 
        "modified": "2014-12-14T19:28:37.365", 
        "created": "2014-12-14T19:28:37.365"
    }
},
{
    "pk": 16, 
    "model": "books.bookwhereis", 
    "fields": {
        "user": 2, 
        "book": 16, 
        "modified": "2015-01-01T16:57:24.380", 
        "created": "2014-12-14T19:29:19.403"
    }
},
{
    "pk": 17, 
    "model": "books.bookwhereis", 
    "fields": {
        "user": 2, 
        "book": 17, 
        "modified": "2015-01-01T16:57:13.145", 
        "created": "2014-12-14T19:30:42.994"
    }
},
{
    "pk": 18, 
    "model": "books.bookwhereis", 
    "fields": {
        "user": 6, 
        "book": 18, 
        "modified": "2015-03-16T13:02:44.280", 
        "created": "2014-12-14T19:31:29.910"
    }
},
{
    "pk": 19, 
    "model": "books.bookwhereis", 
    "fields": {
        "user": 9, 
        "book": 19, 
        "modified": "2014-12-14T19:32:19.587", 
        "created": "2014-12-14T19:32:19.587"
    }
},
{
    "pk": 20, 
    "model": "books.bookwhereis", 
    "fields": {
        "user": 9, 
        "book": 20, 
        "modified": "2014-12-14T19:33:07.205", 
        "created": "2014-12-14T19:33:07.205"
    }
},
{
    "pk": 21, 
    "model": "books.bookwhereis", 
    "fields": {
        "user": 9, 
        "book": 21, 
        "modified": "2014-12-14T19:33:36.884", 
        "created": "2014-12-14T19:33:36.884"
    }
},
{
    "pk": 22, 
    "model": "books.bookwhereis", 
    "fields": {
        "user": 9, 
        "book": 22, 
        "modified": "2014-12-14T19:34:01.869", 
        "created": "2014-12-14T19:34:01.869"
    }
},
{
    "pk": 23, 
    "model": "books.bookwhereis", 
    "fields": {
        "user": 9, 
        "book": 23, 
        "modified": "2014-12-14T19:34:17.618", 
        "created": "2014-12-14T19:34:17.618"
    }
},
{
    "pk": 24, 
    "model": "books.bookwhereis", 
    "fields": {
        "user": 9, 
        "book": 24, 
        "modified": "2014-12-14T19:34:35.034", 
        "created": "2014-12-14T19:34:35.034"
    }
},
{
    "pk": 25, 
    "model": "books.bookwhereis", 
    "fields": {
        "user": 6, 
        "book": 25, 
        "modified": "2014-12-27T14:19:24.286", 
        "created": "2014-12-27T14:19:24.286"
    }
},
{
    "pk": 26, 
    "model": "books.bookwhereis", 
    "fields": {
        "user": 6, 
        "book": 26, 
        "modified": "2014-12-27T14:19:43.551", 
        "created": "2014-12-27T14:19:43.551"
    }
},
{
    "pk": 27, 
    "model": "books.bookwhereis", 
    "fields": {
        "user": 6, 
        "book": 27, 
        "modified": "2014-12-27T14:20:01.526", 
        "created": "2014-12-27T14:20:01.526"
    }
},
{
    "pk": 28, 
    "model": "books.bookwhereis", 
    "fields": {
        "user": 6, 
        "book": 28, 
        "modified": "2014-12-27T14:20:20.908", 
        "created": "2014-12-27T14:20:20.908"
    }
},
{
    "pk": 29, 
    "model": "books.bookwhereis", 
    "fields": {
        "user": 6, 
        "book": 29, 
        "modified": "2014-12-27T14:22:50.061", 
        "created": "2014-12-27T14:22:50.060"
    }
},
{
    "pk": 30, 
    "model": "books.bookwhereis", 
    "fields": {
        "user": 2, 
        "book": 30, 
        "modified": "2015-05-09T16:25:48.079", 
        "created": "2014-12-30T17:58:56.359"
    }
},
{
    "pk": 31, 
    "model": "books.bookwhereis", 
    "fields": {
        "user": 10, 
        "book": 31, 
        "modified": "2014-12-30T18:00:10.991", 
        "created": "2014-12-30T18:00:10.991"
    }
},
{
    "pk": 32, 
    "model": "books.bookwhereis", 
    "fields": {
        "user": 10, 
        "book": 32, 
        "modified": "2014-12-30T18:00:37.232", 
        "created": "2014-12-30T18:00:37.232"
    }
},
{
    "pk": 33, 
    "model": "books.bookwhereis", 
    "fields": {
        "user": 10, 
        "book": 33, 
        "modified": "2014-12-30T18:01:30.312", 
        "created": "2014-12-30T18:01:30.312"
    }
},
{
    "pk": 34, 
    "model": "books.bookwhereis", 
    "fields": {
        "user": 10, 
        "book": 34, 
        "modified": "2014-12-30T18:02:29.016", 
        "created": "2014-12-30T18:02:29.016"
    }
},
{
    "pk": 35, 
    "model": "books.bookwhereis", 
    "fields": {
        "user": 10, 
        "book": 35, 
        "modified": "2014-12-30T18:04:11.939", 
        "created": "2014-12-30T18:04:11.939"
    }
},
{
    "pk": 36, 
    "model": "books.bookwhereis", 
    "fields": {
        "user": 10, 
        "book": 36, 
        "modified": "2014-12-30T18:05:56.989", 
        "created": "2014-12-30T18:05:56.989"
    }
},
{
    "pk": 37, 
    "model": "books.bookwhereis", 
    "fields": {
        "user": 10, 
        "book": 37, 
        "modified": "2014-12-30T18:06:31.808", 
        "created": "2014-12-30T18:06:31.808"
    }
},
{
    "pk": 38, 
    "model": "books.bookwhereis", 
    "fields": {
        "user": 10, 
        "book": 38, 
        "modified": "2014-12-30T18:08:02.537", 
        "created": "2014-12-30T18:08:02.537"
    }
},
{
    "pk": 39, 
    "model": "books.bookwhereis", 
    "fields": {
        "user": 10, 
        "book": 39, 
        "modified": "2014-12-30T18:12:14.843", 
        "created": "2014-12-30T18:12:14.843"
    }
},
{
    "pk": 40, 
    "model": "books.bookwhereis", 
    "fields": {
        "user": 10, 
        "book": 40, 
        "modified": "2014-12-30T18:13:37.943", 
        "created": "2014-12-30T18:13:37.943"
    }
},
{
    "pk": 41, 
    "model": "books.bookwhereis", 
    "fields": {
        "user": 10, 
        "book": 41, 
        "modified": "2014-12-30T18:15:03.563", 
        "created": "2014-12-30T18:15:03.563"
    }
},
{
    "pk": 42, 
    "model": "books.bookwhereis", 
    "fields": {
        "user": 2, 
        "book": 42, 
        "modified": "2015-04-15T12:57:04.059", 
        "created": "2015-03-16T13:04:37.587"
    }
},
{
    "pk": 43, 
    "model": "books.bookwhereis", 
    "fields": {
        "user": 6, 
        "book": 43, 
        "modified": "2015-03-16T13:05:17.286", 
        "created": "2015-03-16T13:05:17.286"
    }
},
{
    "pk": 1, 
    "model": "books.bookhistory", 
    "fields": {
        "given_to": 10, 
        "took_from": 2, 
        "book": 7, 
        "modified": "2014-12-30T18:19:21.135", 
        "created": "2014-12-30T18:19:21.135"
    }
},
{
    "pk": 2, 
    "model": "books.bookhistory", 
    "fields": {
        "given_to": 2, 
        "took_from": 9, 
        "book": 17, 
        "modified": "2015-01-01T16:57:13.163", 
        "created": "2015-01-01T16:57:13.163"
    }
},
{
    "pk": 3, 
    "model": "books.bookhistory", 
    "fields": {
        "given_to": 2, 
        "took_from": 9, 
        "book": 16, 
        "modified": "2015-01-01T16:57:24.402", 
        "created": "2015-01-01T16:57:24.402"
    }
},
{
    "pk": 4, 
    "model": "books.bookhistory", 
    "fields": {
        "given_to": 6, 
        "took_from": 9, 
        "book": 18, 
        "modified": "2015-03-16T13:02:44.342", 
        "created": "2015-03-16T13:02:44.342"
    }
},
{
    "pk": 5, 
    "model": "books.bookhistory", 
    "fields": {
        "given_to": 6, 
        "took_from": 2, 
        "book": 11, 
        "modified": "2015-03-16T13:03:31.865", 
        "created": "2015-03-16T13:03:31.865"
    }
},
{
    "pk": 6, 
    "model": "books.bookhistory", 
    "fields": {
        "given_to": 2, 
        "took_from": 6, 
        "book": 42, 
        "modified": "2015-04-04T13:40:35.837", 
        "created": "2015-04-04T13:40:35.837"
    }
},
{
    "pk": 7, 
    "model": "books.bookhistory", 
    "fields": {
        "given_to": 2, 
        "took_from": 2, 
        "book": 42, 
        "modified": "2015-04-15T12:54:46.231", 
        "created": "2015-04-14T18:03:46.982"
    }
},
{
    "pk": 8, 
    "model": "books.bookhistory", 
    "fields": {
        "given_to": 2, 
        "took_from": 14, 
        "book": 42, 
        "modified": "2015-04-15T12:57:04.069", 
        "created": "2015-04-15T12:57:04.069"
    }
},
{
    "pk": 9, 
    "model": "books.bookhistory", 
    "fields": {
        "given_to": 2, 
        "took_from": 10, 
        "book": 7, 
        "modified": "2015-05-09T16:19:23.656", 
        "created": "2015-05-09T16:19:23.656"
    }
},
{
    "pk": 10, 
    "model": "books.bookhistory", 
    "fields": {
        "given_to": 2, 
        "took_from": 10, 
        "book": 30, 
        "modified": "2015-05-09T16:25:48.104", 
        "created": "2015-05-09T16:25:48.104"
    }
},
{
    "pk": 11, 
    "model": "books.bookhistory", 
    "fields": {
        "given_to": 10, 
        "took_from": 2, 
        "book": 1, 
        "modified": "2015-05-13T20:16:10.895", 
        "created": "2015-05-13T20:16:10.895"
    }
},
{
    "pk": 12, 
    "model": "books.bookhistory", 
    "fields": {
        "given_to": 2, 
        "took_from": 10, 
        "book": 1, 
        "modified": "2015-06-17T18:41:38.375", 
        "created": "2015-06-17T18:41:38.375"
    }
}
]
